year,predicted_cagr,change_from_last_year
2025,0.030734431943589158,-0.020124522433855763
2026,0.026600874083326786,-0.004133557860262371
2027,0.02246731622306264,-0.004133557860264148
2028,0.018333758362800268,-0.004133557860262371
2029,0.01420020050253612,-0.004133557860264148
2030,0.010066642642271972,-0.004133557860264148
2031,0.005933084782009601,-0.004133557860262371
2032,0.0017995269217454535,-0.004133557860264148
2033,-0.002334030938518694,-0.004133557860264148
