Year,Min Radiance,Max Radiance,Mean Radiance,Median Radiance
2025.0,0.15077187,605.3618,15.454468,2.3422093
2026.0,0.15416181,618.9727,15.801946,2.3948712
2027.0,0.15635863,627.79315,16.027124,2.4289985
2028.0,0.15730195,631.5806,16.123817,2.4436529
2029.0,0.1569611,630.21204,16.088877,2.4383576
2030.0,0.15533657,623.6895,15.922359,2.413121
2031.0,0.15246046,612.1416,15.62755,2.368441
2032.0,0.1483953,595.81964,15.210862,2.3052897
2033.0,0.14323197,575.0885,14.68161,2.2250786
